image_path,class_id,class_name,confidence,x1,y1,x2,y2,correct_label
1_easy/close_up_board.jpg,10,white-queen,0.8737687468528748,294.9345397949219,119.59796142578125,372.6171875,262.1626281738281,True
1_easy/close_up_board.jpg,9,white-pawn,0.8245125412940979,52.48747634887695,89.73818969726562,107.84296417236328,186.01559448242188,True
1_easy/close_up_board.jpg,8,white-knight,0.7804110050201416,162.65211486816406,95.44881439208984,240.4228515625,221.17478942871094,True
1_easy/close_up_board.jpg,10,white-queen,0.7775405049324036,370.9536437988281,103.27557373046875,454.6224060058594,286.72589111328125,False
1_easy/close_up_board.jpg,11,white-rook,0.7209630012512207,99.66532135009766,99.87081909179688,168.77452087402344,204.54376220703125,False
1_easy/close_up_board.jpg,6,white-bishop,0.5360171794891357,232.81005859375,110.97309875488281,299.0274658203125,241.0041961669922,False
