epoch,time,train/box_loss,train/cls_loss,train/dfl_loss,metrics/precision(B),metrics/recall(B),metrics/mAP50(B),metrics/mAP50-95(B),val/box_loss,val/cls_loss,val/dfl_loss,lr/pg0,lr/pg1,lr/pg2
1,63.0595,1.51975,4.42224,1.0632,0.47488,0.77241,0.5045,0.24561,1.73916,3.58107,1.09634,0.000207556,0.000207556,0.000207556
2,117.902,1.41649,2.93026,0.93907,0.53891,0.65657,0.60028,0.29584,1.62588,2.47306,1.11168,0.000278646,0.000278646,0.000278646
3,171.103,1.32877,2.5738,0.99466,0.48556,0.78788,0.58685,0.30177,1.58336,2.24086,1.15328,0.000212236,0.000212236,0.000212236
